t_data,delta_pred,omega_pred
0.0,0.26392972977530404,38.36432617533482
0.25,0.43023377360900733,38.260856453106115
0.5,0.544802956328358,38.157386730877406
